{
"data": [
    {
		"id":30,
		 "firstName": "Avadhut",
		"lastName": "Bhagat",
		"dob": "5 Feb 1956",
		"maritalStatus": "Married",
		"sex": "Female",
		"drivingLicence": "MH921792831",
		"ssn": "5435"
    },
	 {
		"id":31,
		 "firstName": "Surya",
		"lastName": "Mallidi",
		"dob": "5 Feb 1956",
		"maritalStatus": "Married",
		"sex": "Female",
		"drivingLicence": "MH921792831",
		"ssn": "5435"
    },
	 {
		"id":32,
		 "firstName": "Akash",
		"lastName": "Srivastava",
		"dob": "5 Feb 1956",
		"maritalStatus": "Married",
		"sex": "Female",
		"drivingLicence": "MH921792831",
		"ssn": "5435"
    },
	 {
		"id":33,
		 "firstName": "Akarsh",
		"lastName": "Saraff",
		"dob": "5 Feb 1956",
		"maritalStatus": "Married",
		"sex": "Female",
		"drivingLicence": "MH921792831",
		"ssn": "5435"
    },
	 {
		"id":34,
		 "firstName": "Pooja",
		"lastName": "Saraff",
		"dob": "5 Feb 1956",
		"maritalStatus": "Married",
		"sex": "Female",
		"drivingLicence": "MH921792831",
		"ssn": "5435"
    }
	
	
	
	
	]
}