﻿
{
	"data": {
		
		"zipCode": "823001",
		"agents" : [
			{
				"name":"Shubham",
				"address":"abc ,street",
				"latitude":"18.6571",
				"longitude":"73.7659"
			},
				{
				"name":"Vipul",
				"address":"pqr street",
				"latitude":"18.5074",
				"longitude":"73.8077"
			},
				{
				"name":"Shamkant",
				"address":"njjkfdnjkn ,street",
				"latitude":"18.4575",
				"longitude":"73.8677"
			}
			,
				{
				"name":"Abhay",
				"address":"hjdfjhjhjfd ,street",
				"latitude":"18.4077",
				"longitude":"73.5075"
			}
		]
	}
}