﻿{
"FieldName1": "Welcome",
"FieldName2": "My Account",
"FieldName3": "Branch Locator",
"FieldName3IconPath": "http://10.119.93.14:8080/site/binaries/content/gallery/images/bracnchlocator.png",
"FieldName4": "Contact",
"FieldName4IconPath": "http://10.119.93.14:8080/site/binaries/content/gallery/images/contact.png",
"FieldName5": "Notifications",
"FieldName5IconPath": "http://10.119.93.14:8080/site/binaries/content/gallery/images/notifications.png",
"FieldName6": "Call me",
"FieldName6IconPath": "http://10.119.93.14:8080/site/binaries/content/gallery/images/call-me.png",
"LogoPath": "http://10.119.93.14:8080/site/binaries/content/gallery/images/logo.png"
}