﻿ {
 "recommendedPolicies":
 [
 {"policyNumber":"6485936",
 "policyId":"6485936",
 "name":"Bharati axa",
 "description":"If you have availed the services of any of preferred garages / garages where Bharti Axa has a tie-up, the claim will be settled directly with the garage. All that you need to pay is the amount that is not recoverable under the policy such as deductible / policy excess or payment for any non-accident related work / service.If you repair your vehicle at a garage of your choice, you can claim reimbursement for the same once repairs are complete, provided the accident has been notified to company and the vehicle inspected by a surveyor appointed by company.",
 "amount":"15399.00",
 "refNo":"1241241245"
 },
 {"policyNumber":"6547834",
 "policyId":"6547834","name":"AllState Insurance","description":"In case of CASHLESS claim, you will have to pay the policy excess and depreciation amount and any other expenses that are not covered under the policy terms and take delivery of your vehicle. L&T Insurance will pay balance to the repairer.","amount":"15399.00","refNo":"1251251256"}]}