﻿{
  "data": [
    {
      "PolicyNumber":"A32UYTR45",
      "PaymentDue":"01-01-2017",
      "CardType":"Visa",
      "CardNumber":789651234,
       "CVV":727      
    },
    {
      
      "PolicyNumber":"B32NYTR45",
      "PaymentDue":"01-03-2017",
      "CardType":"Master",
      "CardNumber":8976541234,
       "CVV":777       
    },
    {
      "PolicyNumber":"C32UYTR45",
      "PaymentDue":"01-02-2017",
      "CardType":"Maestro",
      "CardNumber":9856651234,
       "CVV":722        
    },
    {
     
      "PolicyNumber":"Y7564YTR45",
      "PaymentDue":"11-01-2017",
      "CardType":"Visa",
      "CardNumber":71234651234,
       "CVV":393 
  
    },
    {
      
      "PolicyNumber":"UOP76YTR45",
      "PaymentDue":"05-11-2017",
      "CardType":"Master",
      "CardNumber":9087651234,
       "CVV":798    
     
    }
    
  ]
}