﻿		{
			"policyNumber" : "6480764",
            "startDate" : "01-01-2015",
            "endDate" : "01-01-2016",
            "status" : "active",
            "userId" : "VR5032386",
            "payment" : "1000",
            "paymentDue" : "500",
            "drivers" : [ 
                {
                    "_id" : "D100",
                    "firstName" : "john",
                    "lastName" : "alfred",
                    "dateOfBirth" : "01-01-1991",
                    "maritalStatus" : "not married",
                    "gender" : "male",
                    "drivingLicenseNumber" : "ABC12345",
                    "ssn" : "123-45-6789"
                }, 
                {
                    "_id" : "D101",
                    "firstName" : "john",
                    "lastName" : "alfred",
                    "dateOfBirth" : "01-01-1991",
                    "maritalStatus" : "not married",
                    "gender" : "male",
                    "drivingLicenseNumber" : "ABC12345",
                    "ssn" : "123-45-6789"
                }
            ],
            "vehicles" : [ 
                {
                    "_id" : "V100",
                    "year" : "2010",
                    "maker" : "Honda",
                    "model" : "M200",
                    "subModel" : "200",
                    "vehicleIdNumber" : "MH C 1234",
                    "accident" : "no"
                }, 
                {
                    "_id" : "V101",
                    "year" : "2010",
                    "maker" : "Honda",
                    "model" : "M200",
                    "subModel" : "200",
                    "vehicleIdNumber" : "MH C 1234",
                    "accident" : "no"
                }
            ]
        }