﻿{
  "data": [
    {
      "policyNumber": 30,
      "startDate": "12/12/2014",
      "endDate": "12/12/2017",
	  "status":"Y",
	  "nextPaymentDue":"nextPaymentDue",
	  "payment":"payment",
	  "remindMe":"RemindMe"
    },
	{
      "policyNumber": 30,
      "startDate": "12/12/2014",
      "endDate": "12/12/2017",
	  "status":"Y",
	  "nextPaymentDue":"nextPaymentDue",
	  "payment":"payment",
	  "remindMe":"RemindMe"
    },{
      "policyNumber": 30,
      "startDate": "12/12/2014",
      "endDate": "12/12/2017",
	  "status":"Y",
	  "nextPaymentDue":"nextPaymentDue",
	  "payment":"payment",
	  "remindMe":"RemindMe"
    },{
      "policyNumber": 30,
      "startDate": "12/12/2014",
      "endDate": "12/12/2017",
	  "status":"Y",
	  "nextPaymentDue":"nextPaymentDue",
	  "payment":"payment",
	  "remindMe":"RemindMe"
    },{
      "policyNumber": 30,
      "startDate": "12/12/2014",
      "endDate": "12/12/2017",
	  "status":"Y",
	  "nextPaymentDue":"nextPaymentDue",
	  "payment":"payment",
	  "remindMe":"RemindMe"
    },{
      "policyNumber": 30,
      "startDate": "12/12/2014",
      "endDate": "12/12/2017",
	  "status":"Y",
	  "nextPaymentDue":"nextPaymentDue",
	  "payment":"payment",
	  "remindMe":"RemindMe"
    }
  ]
}