﻿{
  	"FieldName1":"Policy Number",
	"FieldName2":"Payment due in next",
	"FieldName2IconPath":"http://10.119.93.14:8080/site/binaries/content/gallery/images/warning-icon.png",
	"FieldName3":"Download Receipts",
	"FieldName3IconPath":"http://10.119.93.14:8080/site/binaries/content/gallery/images/download-50.png",
	"FieldName4":"Download Policy",
	"FieldName4IconPath":"http://10.119.93.14:8080/site/binaries/content/gallery/images/download-50.png",
	"FieldName5":"Start Date",
	"FieldName6":"Expiry Date",
	"FieldName7":"Agent",
	"FieldName8":"Status",
	"FieldName9":"Vehicle01",
	"FieldName10":"Vehicle02",
	"FieldName11":"Pay Now",
	"FieldName11IconPath":"http://10.119.93.14:8080/site/binaries/content/gallery/images/dollar.png"
	
}
