﻿{
"startDate": "01-01-2015",
"endDate": "01-01-2016",
"status": "active",
"nextPaymentDue": "500",
"payment": "1000",
"policyNumber": "6480764",
"drivers": [2]
0:  {
"_id": "D100",
"firstname": "john",
"lastname": "alfred",
"dateOfBirth": "01-01-1991",
"maritalStatus": "not married"
"gender": "male",
"drivingLicenseNumber": "ABC12345",
"sSN": "123-45-6789",
}
1:  {
"_id": "D101",
"firstname": "john",
"lastname": "alfred",
"dateOfBirth": "01-01-1991",
"maritalStatus": "not married",
"gender": "male",
"drivingLicenseNumber": "ABC12345",
"sSN": "123-45-6789",
},
"vehicles": [2]
0:  {
"_id": "V100",
"year": "2010",
"maker": "Honda",
"model": "M200",
"subModel": "200",
"vehicleIdentityNumber": "MH C 1234",
"milesDriven": "4000",
"accident": "no",
}
1:  {
"_id": "V101",
"year": "2010",
"maker": "Honda",
"model": "M200",
"subModel": "200",
"vehicleIdentityNumber": "MH C 1234",
"milesDriven": "2000",
"accident": "no",
}
}