﻿{
  "RegLabels": 
    {
      "FirstName": "First Name",
      "LastName": "Last Name",
      "EmailAddress": "Email Address",
	  "ResidentialAddress": "Residential Address",
	  "MailingAddress":  "Mailing Address",
	  "PhoneType":"Phone Type",
	  "PhoneNumber":"Phone Number",
	  "Submit":"Submit",
	  "SaveForLater":"Save For Later",
	  "Registration":"Registration",
	  "Login":"Login"
    },
	"RegData":
	{
	   "FirstName": "",
      "LastName": "",
      "EmailAddress": "",
	  "ResidentialAddress": "",
	  "MailingAddress":  "",
	  "PhoneType":"",
	  "PhoneNumber":null
	}
}

