﻿{
  "transactionHistory": [
    {
      "transactionId": 1,
      "policyNumber":"jhjfgdhfjhj",
      "policyName":"Testfs1",
      "premiumAmount": 1010,
      "premiumDate": "abdsfc"
    },{
      "transactionId": 2,
      "policyNumber":"fsgjhjdhfjhj",
      "policyName":"Testfgsg1",
      "premiumAmount": 100,
      "premiumDate": "abfsagfgc"
    },
   {
      "transactionId": 3,
      "policyNumber":"jhjfgfsdhfjhj",
      "policyName":"Testfasg1",
      "premiumAmount": 100,
      "premiumDate": "abafsgc"
    },
    {
      "transactionId": 4,
      "policyNumber":"jhfsgfjdhfjhj",
      "policyName":"Testfasg1",
      "premiumAmount": 100,
      "premiumDate": "abfsgc"
    },{
      "transactionId": 5,
      "policyNumber":"jhjdfsaghfjhj",
      "policyName":"Testfsg1",
      "premiumAmount": 100,
      "premiumDate": "abfsgfgc"
    }
  ]
}