﻿{
  "data": [
    {
      "module": "Policy-Details",
	  "policyNumber":"Policy Number",
      "startDate": "Start Date",
      "endDate": "End Date",
	  "status":"Status",
	  "nextPaymentDue":"Next Payment Due",
	  "payment":"Payment",
	  "remindMe":"Remind Me"
    },
	{
      "module": "Policy",
	  "vehicle":"Vehicle",
      "driver": "Driver",
      "vehicleFinanced": "VehicleFinanced",
	  "finance":"Finance",
	  "company":"Company",
	  "submit":"Submit",
	  "addVehicle":"AddVehicle",
	  "addDriver":"AddDriver",
	  "policyNumber":"PolicyNumber",
	  "startDate":"StartDate",
	  "endDate":"EndDate"
    }
  ]
}