﻿{

"Labels":
{
		"id":"Id",
       "year":"Year",
      "maker": "Maker",
      "model": "Model",
	  "subModel":"SubModel",
	  "vehicleIdentityNumber":"VehicleIdentityNumber",
	  "milesDriven":"MilesDriven",
	  "accident":"Accident",
	  "save":"Save",
	  "saveforlater":"SaveForLater",
	  "back":"Back"

},
  "data": [
    {
		"id":30,
      "year":2000,
      "maker": "Honda",
      "model": "City",
	  "subModel":"Vx",
	  "vehicleIdentityNumber":"SM101",
	  "milesDriven":5000,
	  "accident":false
    },
	{
		"id":31,
      "year":2002,
      "maker": "Toyota",
      "model": "Innova",
	  "subModel":"Lxi",
	  "vehicleIdentityNumber":"TT1021",
	  "milesDriven":1000,
	  "accident":false
    },
	{
		"id":32,
      "year":2002,
      "maker": "Maruti",
      "model": "Swift",
	  "subModel":"Desire",
	  "vehicleIdentityNumber":"SS2002",
	  "milesDriven":1000,
	  "accident":false
    },
	{
		"id":33,
      "year":2010,
      "maker": "Maruti",
      "model": "Alto",
	  "subModel":"Sx",
	  "vehicleIdentityNumber":"SR1051",
	  "milesDriven":3200,
	  "accident":false
    },
	{
		"id":34,
      "year":2015,
      "maker": "Honda",
      "model": "Civic",
	  "subModel":"Zx",
	  "vehicleIdentityNumber":"HC1520",
	  "milesDriven":200,
	  "accident":false
    }
	]
 
}